<metadata>
  <idinfo>
    <citation>
      <citeinfo>
        <title>Philadelphia Parks and Recreation Parks Points</title>
        <geoform>vector digital data</geoform>
      </citeinfo>
    </citation>
    <descript>
      <abstract>Abstract:Points were determined by the PPR Assets layer created by the Philadelphia Parks and Recreation Department. Also, the PPR Boundaries layer was used for comparison.Data Development: Created layer with PPR Assets and PPR Boundaries layers, provided by Philadelphia Parks and RecreationOnly parks were included, see separate layer for recreation facilitiesConverted polygons to pointsKey attribute field names and descriptions:Name: Name of the asset (Park)District: District which the asset lies within. Applies to PPR DistrictsAddress: The address of the parkZipcode: The zipcode of the parkWebsite: The link to the Philadelphia Parks and Recreation website.Coordinate System:Lambert Conformal Conic, NAD83, PA South Stateplane coordinates, US Foot.Thematic Mapping:For mapping and labeling use the name fieldOther Information:N/A</abstract>
      <purpose>The points of parks owned and managed by Philadelphia Parks and Recreation. This layer was created to be used for the Philadelphia Parks and Recreation website. http://www.phila.gov/parksandrecreation/Pages/default.aspx

-Features updated: 1/2/2013
-Attributes updated:1/2/2013
-Metadata updated: 5/1/2015
-Update frequency: N/A
-Public = Y</purpose>
    </descript>
    <spdom>
      <bounding>
        <westbc>-75.285279</westbc>
        <eastbc>-74.963971</eastbc>
        <northbc>40.135146</northbc>
        <southbc>39.870189</southbc>
      </bounding>
    </spdom>
    <keywords />
    <accconst>None</accconst>
    <useconst>&lt;DIV STYLE="text-align:Left;"&gt;&lt;DIV&gt;&lt;DIV&gt;&lt;P&gt;&lt;SPAN&gt;The City of Philadelphia makes no representation about the accuracy of any specific information in this GIS data and is provided “as is” and without Warranty of any kind. Boundaries are self-reported. The user of this data will assume complete responsibility for any and all occurrences resulting from its use or display and will hold the City of Philadelphia harmless from any and all claims, demands, liabilities, obligations, damages, suits, judgments or settlements, including reasonable costs and attorneys' fees, that arise from use of this data.&lt;/SPAN&gt;&lt;/P&gt;&lt;P&gt;&lt;SPAN /&gt;&lt;/P&gt;&lt;/DIV&gt;&lt;/DIV&gt;&lt;/DIV&gt;</useconst>
    <datacred>Vanessa Miller, GIS Intern, vanessa.miller.city@gmail.com
Philadelphia Parks and Recreation
1515 Arch Street, 10 Fl, Philadelphia, PA  19102-1583
215-683-0236


For further contact information contact: 
Nora Dougherty at Philadelphia Parks and Recreation
nora.dougherty@phila.gov
215-683-0235</datacred>
    <native>Microsoft Windows Server 2008 R2 Version 6.1 (Build 7601) Service Pack 1; ESRI ArcGIS 10.0.0.2414</native>
  </idinfo>
  <spdoinfo>
    <direct>Vector</direct>
    <ptvctinf>
      <sdtsterm>
        <sdtstype>Entity point</sdtstype>
        <ptvctcnt>166</ptvctcnt>
      </sdtsterm>
    </ptvctinf>
  </spdoinfo>
  <spref>
    <horizsys>
      <planar>
        <mapproj>
          <mapprojn>NAD 1983 StatePlane Pennsylvania South FIPS 3702 Feet</mapprojn>
          <lambertc>
            <stdparll>39.93333333333333</stdparll>
            <stdparll>40.96666666666667</stdparll>
            <longcm>-77.75</longcm>
            <latprjo>39.33333333333334</latprjo>
            <feast>1968500.0</feast>
            <fnorth>0.0</fnorth>
          </lambertc>
        </mapproj>
        <planci>
          <plance>coordinate pair</plance>
          <coordrep>
            <absres>0.0003280833333333335</absres>
            <ordres>0.0003280833333333335</ordres>
          </coordrep>
          <plandu>Foot_US</plandu>
        </planci>
      </planar>
      <geodetic>
        <horizdn>D North American 1983</horizdn>
        <ellips>GRS 1980</ellips>
        <semiaxis>6378137.0</semiaxis>
        <denflat>298.257222101</denflat>
      </geodetic>
    </horizsys>
  </spref>
  <eainfo>
    <detailed>
      <enttyp>
        <enttypl>PPR_parks_point</enttypl>
      </enttyp>
      <attr>
        <attrlabl>OBJECTID</attrlabl>
        <attrdef>Internal feature number.</attrdef>
        <attrdefs>ESRI</attrdefs>
        <attrdomv>
          <udom>Sequential unique whole numbers that are automatically generated.</udom>
        </attrdomv>
      </attr>
      <attr>
        <attrlabl>Shape</attrlabl>
        <attrdef>Feature geometry.</attrdef>
        <attrdefs>ESRI</attrdefs>
        <attrdomv>
          <udom>Coordinates defining the features.</udom>
        </attrdomv>
      </attr>
      <attr>
        <attrlabl>NAME</attrlabl>
      </attr>
      <attr>
        <attrlabl>District</attrlabl>
      </attr>
      <attr>
        <attrlabl>ADDRESS</attrlabl>
      </attr>
      <attr>
        <attrlabl>ZIPCODE</attrlabl>
      </attr>
    </detailed>
  </eainfo>
  <metainfo>
    <metd>20160524</metd>
    <metstdn>FGDC Content Standard for Digital Geospatial Metadata</metstdn>
    <metstdv>FGDC-STD-001-1998</metstdv>
  </metainfo><distinfo><distrib><cntinfo><cntperp><cntorg>Pennsylvania Spatial Data Access (PASDA) </cntorg></cntperp><cntaddr><addrtype>mailing and physical address</addrtype><address>115 Land and Water Building</address><city>University Park</city><state>Pennsylvania</state><postal>16802</postal><country>United States</country></cntaddr><cntvoice>(814) 865 8792</cntvoice><cntemail>(814) 865 8792</cntemail></cntinfo></distrib><distliab>The USER shall indemnify, save harmless, and, if requested, defend those parties involved with the development and distribution of this data, their officers, agents, and employees from and against any suits, claims, or actions for injury, death, or property damage arising out of the use of or any defect in the FILES or any accompanying documentation. Those parties involved with the development and distribution excluded any and all implied warranties, including warranties or merchantability and fitness for a particular purpose and makes no warranty or representation, either express or implied, with respect to the FILES or accompanying documentation, including its quality, performance, merchantability, or fitness for a particular purpose. The FILES and documentation are provided "as is" and the USER assumes the entire risk as to its quality and performance. Those parties involved with the development and distribution of this data will not be liable for any direct, indirect, special, incidental, or consequential damages arising out of the use or inability to use the FILES or any accompanying documentation.</distliab></distinfo>
</metadata>